{"stat.pickup.minecraft.stone_pressure_plate":5,"stat.leaveGame":64,"stat.pickup.minecraft.lapis_block":1,"stat.useItem.minecraft.diamond_sword":1,"stat.drop.minecraft.shield":1,"stat.drop.minecraft.trapdoor":1,"stat.swimOneCm":692,"stat.useItem.minecraft.snow":81,"stat.drop.minecraft.saddle":1,"stat.useItem.minecraft.planks":77,"stat.drop.minecraft.wooden_door":10,"stat.pickup.minecraft.glass":7,"stat.useItem.minecraft.stone_slab2":22517,"achievement.exploreAllBiomes":{"value":0,"progress":["Ocean","Plains"]},"stat.useItem.minecraft.water_bucket":14,"stat.pickup.minecraft.splash_potion":3,"stat.drop.minecraft.golden_horse_armor":1,"stat.useItem.minecraft.rail":6,"stat.drop.minecraft.splash_potion":3,"stat.aviateOneCm":167717,"stat.flyOneCm":10399477,"stat.pickup.minecraft.clay":2,"stat.pickup.minecraft.redstone":2,"stat.timeSinceDeath":273414,"stat.drop.minecraft.log":2,"stat.useItem.minecraft.spawn_egg":6,"stat.cauldronFilled":2,"stat.pickup.minecraft.stained_hardened_clay":5,"stat.useItem.minecraft.wooden_slab":7,"stat.useItem.minecraft.iron_door":45,"stat.drop.minecraft.rail":2,"stat.useItem.minecraft.lever":1,"stat.pickup.minecraft.wooden_axe":4,"stat.pickup.minecraft.spruce_fence":1,"stat.drop.minecraft.diamond_block":1,"stat.drop.minecraft.dirt":1,"stat.drop.minecraft.wool":6,"stat.talkedToVillager":8,"stat.pickup.minecraft.wooden_sword":1,"stat.drop.minecraft.spawn_egg":2,"stat.drop.minecraft.stone_slab":1,"stat.pickup.minecraft.brown_shulker_box":1,"stat.useItem.minecraft.redstone":18,"stat.drop.minecraft.stained_hardened_clay":7,"stat.drop.minecraft.oak_stairs":1,"achievement.mineWood":3,"stat.sprintOneCm":291459,"stat.killEntity.Horse":1,"achievement.openInventory":370,"stat.useItem.minecraft.stone_pressure_plate":8,"stat.pickup.minecraft.spawn_egg":1,"stat.pickup.minecraft.lever":3,"stat.deaths":1,"stat.drop":86,"stat.pickup.minecraft.egg":1,"stat.playOneMinute":1913685,"stat.pickup.minecraft.birch_door":5,"stat.pickup.minecraft.stone_button":1,"stat.pickup.minecraft.slime_ball":78,"stat.pickup.minecraft.diamond_block":2,"stat.pickup.minecraft.iron_block":7,"stat.pickup.minecraft.iron_bars":1,"stat.diveOneCm":135,"stat.drop.minecraft.diamond_pickaxe":1,"stat.chestOpened":4,"stat.useItem.minecraft.splash_potion":5,"stat.pickup.minecraft.sign":19,"stat.useItem.minecraft.stone":1,"stat.pickup.minecraft.lapis_ore":1,"stat.useItem.minecraft.potion":10,"stat.pickup.minecraft.diamond_sword":1,"stat.jump":1610,"stat.drop.minecraft.stone":7,"stat.crouchOneCm":29903,"stat.pickup.minecraft.rail":7,"stat.pickup.minecraft.painting":4,"stat.drop.minecraft.bed":3,"stat.drop.minecraft.glass":6,"stat.pickup.minecraft.iron_ore":14,"stat.drop.minecraft.stained_glass_pane":1,"stat.pickup.minecraft.heavy_weighted_pressure_plate":3,"stat.pickup.minecraft.leather":1,"stat.damageTaken":280,"stat.dispenserInspected":5,"stat.drop.minecraft.minecart":2,"stat.pickup.minecraft.bed":16,"stat.useItem.minecraft.birch_fence":31,"stat.pickup.minecraft.quartz_block":1,"stat.pickup.minecraft.potato":9,"stat.drop.minecraft.snow":1,"stat.drop.minecraft.spruce_fence":1,"stat.pickup.minecraft.stained_glass":1,"stat.damageDealt":685,"stat.pickup.minecraft.minecart":2,"stat.drop.minecraft.painting":1,"stat.walkOneCm":1622514,"stat.minecartOneCm":7444,"stat.pickup.minecraft.log":3,"stat.drop.minecraft.iron_block":5,"stat.drop.minecraft.sign":1,"stat.drop.minecraft.iron_door":2,"stat.drop.minecraft.planks":1,"stat.pickup.minecraft.stone":8,"stat.shulkerBoxOpened":3,"stat.drop.minecraft.lapis_block":1,"stat.pickup.minecraft.wooden_door":49,"stat.pickup.minecraft.banner":10,"stat.drop.minecraft.clay":1,"stat.useItem.minecraft.birch_door":2,"stat.drop.minecraft.lever":1,"stat.useItem.minecraft.iron_block":1,"stat.mobKills":2,"stat.pickup.minecraft.iron_door":31,"stat.pickup.minecraft.red_flower":3,"stat.sneakTime":62399,"stat.pickup.minecraft.wool":4,"stat.drop.minecraft.quartz_block":3,"stat.useItem.minecraft.wooden_axe":2,"stat.drop.minecraft.wooden_axe":8}