{"stat.drop.minecraft.flower_pot":1,"stat.chestOpened":2,"stat.useItem.minecraft.quartz_block":1,"stat.useItem.minecraft.painting":68,"stat.pickup.minecraft.sign":11,"stat.useItem.minecraft.stone":86,"stat.useItem.minecraft.quartz_stairs":7,"stat.leaveGame":10,"stat.useItem.minecraft.diamond_sword":60,"stat.useItem.minecraft.carpet":4,"stat.pickup.minecraft.flower_pot":1,"stat.useItem.minecraft.stained_glass_pane":288,"stat.useItem.minecraft.glowstone":1,"stat.useItem.minecraft.flower_pot":8,"stat.drop.minecraft.sandstone":1,"stat.jump":258,"stat.useItem.minecraft.sand":6,"stat.useItem.minecraft.planks":28,"stat.useItem.minecraft.nether_brick_stairs":11,"stat.crouchOneCm":1136,"stat.pickup.minecraft.glass":1,"stat.pickup.minecraft.painting":2,"stat.useItem.minecraft.dirt":8,"achievement.exploreAllBiomes":{"value":0,"progress":["Plains"]},"stat.drop.minecraft.bed":1,"stat.drop.minecraft.glass":2,"stat.useItem.minecraft.glass":106,"stat.useItem.minecraft.redstone_lamp":14,"stat.useItem.minecraft.stone_brick_stairs":18,"stat.useItem.minecraft.furnace":2,"stat.flyOneCm":1246292,"stat.pickup.minecraft.bed":1,"stat.pickup.minecraft.sandstone":1,"stat.killEntity.Villager":11,"stat.damageDealt":2205,"stat.useItem.minecraft.wool":1944,"stat.timeSinceDeath":303543,"stat.useItem.minecraft.sign":49,"stat.useItem.minecraft.spawn_egg":9,"stat.useItem.minecraft.iron_door":1,"stat.flowerPotted":2,"stat.drop.minecraft.painting":1,"stat.walkOneCm":192302,"stat.drop.minecraft.wooden_shovel":1,"stat.useItem.minecraft.torch":7,"stat.useItem.minecraft.chest":2,"stat.useItem.minecraft.lever":14,"stat.drop.minecraft.stone_brick_stairs":1,"stat.pickup.minecraft.wooden_axe":1,"stat.useItem.minecraft.cobblestone":1,"stat.pickup.minecraft.wooden_shovel":1,"stat.furnaceInteraction":3,"stat.drop.minecraft.wool":2,"stat.talkedToVillager":4,"stat.drop.minecraft.spawn_egg":1,"stat.drop.minecraft.stone_slab":1,"stat.drop.minecraft.iron_block":2,"stat.drop.minecraft.sign":5,"stat.useItem.minecraft.redstone_block":93,"stat.useItem.minecraft.item_frame":24,"stat.drop.minecraft.planks":1,"stat.useItem.minecraft.spruce_fence":1,"stat.useItem.minecraft.stained_hardened_clay":138,"stat.sprintOneCm":10328,"stat.useItem.minecraft.stained_glass":10,"stat.useItem.minecraft.diamond_block":2,"stat.useItem.minecraft.stone_slab":26,"stat.useItem.minecraft.bed":2,"achievement.openInventory":125,"stat.useItem.minecraft.iron_sword":14,"stat.useItem.minecraft.iron_block":1575,"stat.mobKills":11,"stat.pickup.minecraft.spawn_egg":1,"stat.useItem.minecraft.wooden_door":16,"stat.pickup.minecraft.lever":1,"stat.drop":21,"stat.playOneMinute":303543,"stat.useItem.minecraft.jungle_stairs":9,"stat.useItem.minecraft.banner":13,"stat.sneakTime":3317,"stat.pickup.minecraft.wool":2,"stat.pickup.minecraft.iron_block":2,"stat.useItem.minecraft.wooden_axe":1,"stat.useItem.minecraft.jukebox":1,"stat.drop.minecraft.wooden_axe":1,"stat.useItem.minecraft.sandstone":396}