{"stat.useItem.minecraft.stone":8028,"stat.useItem.minecraft.quartz_stairs":14,"stat.leaveGame":8,"stat.killEntity.Slime":160,"stat.drop.minecraft.gunpowder":2,"stat.useItem.minecraft.diamond_sword":128,"stat.useItem.minecraft.carpet":198,"stat.jump":511,"stat.useItem.minecraft.sand":50,"stat.useItem.minecraft.planks":35,"stat.drop.minecraft.stone":4,"stat.drop.minecraft.diamond_sword":1,"stat.pickup.minecraft.porkchop":3,"stat.pickup.minecraft.gunpowder":2,"stat.crouchOneCm":2456,"stat.useItem.minecraft.dirt":633,"stat.pickup.minecraft.dirt":29,"stat.drop.minecraft.glass":1,"stat.drop.minecraft.slime_ball":45,"stat.drop.minecraft.jungle_door":4,"stat.useItem.minecraft.glass":67,"stat.pickup.minecraft.jungle_door":2,"stat.damageTaken":280,"stat.flyOneCm":701218,"stat.damageDealt":4824,"stat.useItem.minecraft.wool":235,"stat.timeSinceDeath":237648,"stat.killEntity.Pig":1,"stat.walkOneCm":1156635,"stat.pickup.minecraft.carpet":2,"stat.drop.minecraft.wool":1,"stat.killEntity.Creeper":1,"stat.useItem.minecraft.redstone":1,"stat.pickup.minecraft.stone":2,"stat.useItem.minecraft.stained_hardened_clay":5,"stat.drop.minecraft.egg":2,"stat.sprintOneCm":4177,"stat.useItem.minecraft.fence":35,"stat.useItem.minecraft.glass_pane":134,"stat.useItem.minecraft.stone_slab":17,"stat.killEntity.Chicken":1,"stat.useItem.minecraft.jungle_door":2,"stat.mobKills":163,"stat.deaths":1,"stat.drop":15,"stat.pickup.minecraft.egg":2,"stat.playOneMinute":287582,"stat.sneakTime":3161,"stat.pickup.minecraft.slime_ball":45,"stat.pickup.minecraft.wool":1,"stat.drop.minecraft.grass":1,"stat.useItem.minecraft.sandstone":19}