{"stat.beaconInteraction":2,"stat.useItem.minecraft.bow":95,"stat.useItem.minecraft.painting":50,"stat.useItem.minecraft.quartz_block":673,"stat.pigOneCm":19026,"stat.leaveGame":29,"stat.useItem.minecraft.glowstone":53,"stat.drop.minecraft.trapdoor":1,"stat.useItem.minecraft.planks":373,"stat.useItem.minecraft.water_bucket":26,"stat.drop.minecraft.iron_sword":3,"stat.pickup.minecraft.rotten_flesh":1,"stat.useItem.minecraft.vine":5,"stat.useItem.minecraft.rail":2,"stat.useItem.minecraft.anvil":5,"stat.killEntity.Villager":9,"stat.useItem.minecraft.spawn_egg":34,"stat.drop.minecraft.diamond_chestplate":1,"stat.drop.minecraft.diamond_block":65,"stat.useItem.minecraft.minecart":2,"stat.useItem.minecraft.redstone":8,"stat.pickup.minecraft.totem_of_undying":1,"stat.drop.minecraft.diamond_helmet":1,"stat.drop.minecraft.stained_hardened_clay":2,"stat.pickup.minecraft.cauldron":1,"stat.useItem.minecraft.trapdoor":4,"stat.useItem.minecraft.stained_glass":165,"stat.killEntity.Horse":4,"achievement.openInventory":228,"stat.pickup.minecraft.potion":1,"stat.useItem.minecraft.cauldron":1,"stat.killEntity.Husk":1,"stat.pickup.minecraft.saddle":3,"stat.pickup.minecraft.lever":3,"stat.deaths":4,"stat.pickup.minecraft.egg":2,"stat.playOneMinute":1165757,"stat.pickup.minecraft.diamond_block":1,"stat.pickup.minecraft.beacon":1,"stat.pickup.minecraft.iron_bars":1,"stat.chestOpened":1,"stat.useItem.minecraft.stone":32537,"stat.pickup.minecraft.iron_sword":3,"stat.drop.minecraft.stone":67,"stat.crouchOneCm":10832,"stat.drop.minecraft.slime_ball":128,"stat.drop.minecraft.stained_glass_pane":5,"stat.pickup.minecraft.jungle_door":2,"stat.drop.minecraft.bone":2,"stat.pickup.minecraft.orange_shulker_box":3,"stat.drop.minecraft.minecart":1,"stat.drop.minecraft.spruce_fence":3,"stat.useItem.minecraft.enchanting_table":1,"stat.useItem.minecraft.orange_shulker_box":4,"stat.useItem.minecraft.wool":2094,"stat.pickup.minecraft.flint_and_steel":2,"stat.useItem.minecraft.torch":78,"stat.drop.minecraft.rotten_flesh":1,"stat.drop.minecraft.diamond_horse_armor":2,"stat.useItem.minecraft.log":1,"stat.minecartOneCm":858,"stat.pickup.minecraft.redstone_block":1,"stat.drop.minecraft.sign":2,"stat.drop.minecraft.coal_ore":2,"stat.drop.minecraft.iron_ore":84,"stat.drop.minecraft.planks":2,"stat.pickup.minecraft.sapling":1,"stat.useItem.minecraft.glass_pane":56,"stat.drop.minecraft.fish":91,"stat.pickup.minecraft.carrot_on_a_stick":1,"stat.useItem.minecraft.iron_sword":75,"stat.itemEnchanted":2,"stat.useItem.minecraft.barrier":135,"stat.pickup.minecraft.diamond_helmet":1,"stat.useItem.minecraft.wooden_door":11,"stat.drop.minecraft.leather_leggings":1,"stat.sneakTime":22209,"stat.pickup.minecraft.wool":3,"stat.drop.minecraft.grass":4,"stat.drop.minecraft.totem_of_undying":2,"stat.pickup.minecraft.bone":3,"stat.horseOneCm":35219,"stat.useItem.minecraft.beacon":2,"stat.drop.minecraft.beacon":1,"stat.useItem.minecraft.skull":1,"stat.useItem.minecraft.diamond_sword":515,"stat.swimOneCm":71,"stat.drop.minecraft.saddle":2,"stat.useItem.minecraft.redstone_torch":1,"stat.useItem.minecraft.obsidian":53,"stat.useItem.minecraft.dirt":3971,"achievement.exploreAllBiomes":{"value":0,"progress":["Plains"]},"stat.pickup.minecraft.diamond_horse_armor":3,"stat.useItem.minecraft.egg":8,"stat.pickup.minecraft.enchanting_table":1,"stat.pickup.minecraft.anvil":3,"stat.pickup.minecraft.coal_ore":2,"stat.drop.minecraft.quartz_stairs":1,"stat.pickup.minecraft.cobblestone":1,"stat.pickup.minecraft.quartz_stairs":1,"stat.pickup.minecraft.diamond_leggings":1,"stat.flyOneCm":4234105,"stat.pickup.minecraft.sandstone":2,"stat.pickup.minecraft.fish":39,"stat.timeSinceDeath":1016018,"stat.useItem.minecraft.sign":7,"stat.cauldronFilled":1,"stat.pickup.minecraft.mutton":1,"stat.useItem.minecraft.lever":3,"stat.drop.minecraft.iron_bars":1,"stat.drop.minecraft.stained_glass":5,"stat.pickup.minecraft.spruce_fence":3,"stat.drop.minecraft.flint_and_steel":2,"stat.drop.minecraft.dirt":1,"stat.pickup.minecraft.carpet":2,"stat.drop.minecraft.wool":6,"stat.useItem.minecraft.armor_stand":8,"stat.talkedToVillager":1,"stat.drop.minecraft.spawn_egg":8,"stat.drop.minecraft.obsidian":1,"stat.drop.minecraft.anvil":4,"stat.drop.minecraft.oak_stairs":2,"stat.sprintOneCm":60793,"stat.useItem.minecraft.diamond_block":134,"stat.useItem.minecraft.diamond_shovel":13,"stat.drop.minecraft.potion":1,"stat.useItem.minecraft.stone_slab":31,"stat.drop.minecraft.carrot_on_a_stick":1,"stat.pickup.minecraft.grass":4,"stat.drop.minecraft.cauldron":1,"stat.drop.minecraft.lava_bucket":1,"stat.pickup.minecraft.spawn_egg":6,"stat.drop":216,"stat.killEntity.Sheep":2,"stat.pickup.minecraft.slime_ball":264,"stat.drop.minecraft.redstone_block":1,"stat.diveOneCm":163,"stat.pickup.minecraft.wheat":2,"stat.pickup.minecraft.sign":2,"stat.useItem.minecraft.quartz_stairs":2,"stat.killEntity.Slime":481,"stat.useItem.minecraft.waterlily":6,"stat.pickup.minecraft.obsidian":1,"stat.pickup.minecraft.stained_glass_pane":3,"stat.useItem.minecraft.carpet":11,"stat.useItem.minecraft.potion":2,"stat.useItem.minecraft.stained_glass_pane":168,"stat.pickup.minecraft.diamond_sword":2,"stat.drop.minecraft.sandstone":2,"stat.jump":1790,"stat.killEntity.SkeletonHorse":6,"stat.drop.minecraft.diamond_sword":3,"stat.pickup.minecraft.dirt":45,"stat.drop.minecraft.piston":1,"stat.drop.minecraft.glass":2,"stat.pickup.minecraft.iron_ore":73,"stat.useItem.minecraft.glass":514,"stat.drop.minecraft.enchanting_table":1,"stat.useItem.minecraft.sapling":22,"stat.pickup.minecraft.command_block":2,"stat.damageTaken":1120,"stat.pickup.minecraft.leather":3,"stat.useItem.minecraft.gold_block":20,"stat.useItem.minecraft.carrot_on_a_stick":10,"stat.useItem.minecraft.birch_fence":3,"stat.pickup.minecraft.oak_stairs":1,"stat.pickup.minecraft.stained_glass":2,"stat.damageDealt":18294,"stat.pickup.minecraft.piston":1,"stat.useItem.minecraft.command_block":2,"stat.drop.minecraft.painting":2,"stat.walkOneCm":4871215,"stat.useItem.minecraft.chest":6,"stat.drop.minecraft.wheat":1,"stat.useItem.minecraft.tnt":93,"stat.useItem.minecraft.lava_bucket":20,"stat.useItem.minecraft.redstone_block":135,"stat.useItem.minecraft.item_frame":13,"stat.pickup.minecraft.stone":67,"stat.drop.minecraft.orange_shulker_box":2,"stat.shulkerBoxOpened":1,"stat.drop.minecraft.diamond_leggings":2,"stat.useItem.minecraft.stained_hardened_clay":174,"stat.drop.minecraft.egg":2,"stat.drop.minecraft.command_block":2,"stat.drop.minecraft.lever":3,"stat.useItem.minecraft.iron_block":7684,"stat.mobKills":503,"stat.drop.minecraft.diamond_boots":1,"stat.pickup.minecraft.torch":2,"stat.drop.minecraft.diamond_shovel":1,"stat.drop.minecraft.quartz_block":1}